timestamp,electrical_state,water_lpm,active,truth_lpm
1700000000,0,0,0,0
1700000060,1,0.5,1,0.5
1700000120,2,1,1,1
1700000180,2,0.5,1,0.5
1700000240,1,0,1,0
1700000300,0,0,0,0
1700000360,0,0,0,0
1700000420,1,0.5,1,0.5
1700000480,2,1,1,1
1700000540,2,0.5,1,0.5
1700000600,1,0,1,0
1700000660,0,0,0,0
1700000720,0,0,0,0
1700000780,1,0.5,1,0.5
1700000840,2,1,1,1
1700000900,2,0.5,1,0.5
1700000960,1,0,1,0
1700001020,0,0,0,0
1700001080,0,0,0,0
1700001140,1,0.5,1,0.5
1700001200,2,1,1,1
1700001260,2,0.5,1,0.5
1700001320,1,0,1,0
1700001380,0,0,0,0
1700001440,0,0,0,0
1700001500,1,0.5,1,0.5
1700001560,2,1,1,1
1700001620,2,0.5,1,0.5
1700001680,1,0,1,0
1700001740,0,0,0,0
1700001800,0,0,0,0
1700001860,1,0.5,1,0.5
1700001920,2,1,1,1
1700001980,2,0.5,1,0.5
1700002040,1,0,1,0
1700002100,0,0,0,0
1700002160,0,0,0,0
1700002220,1,0.5,1,0.5
1700002280,2,1,1,1
1700002340,2,0.5,1,0.5
1700002400,1,0,1,0
1700002460,0,0,0,0
1700002520,0,0,0,0
1700002580,1,0.5,1,0.5
1700002640,2,1,1,1
1700002700,2,0.5,1,0.5
1700002760,1,0,1,0
1700002820,0,0,0,0
1700002880,0,0,0,0
1700002940,1,0.5,1,0.5
1700003000,2,1,1,1
1700003060,2,0.5,1,0.5
1700003120,1,0,1,0
1700003180,0,0,0,0
1700003240,0,0,0,0
1700003300,1,0.5,1,0.5
1700003360,2,1,1,1
1700003420,2,0.5,1,0.5
1700003480,1,0,1,0
1700003540,0,0,0,0
1700003600,0,0,0,0
1700003660,1,0.5,1,0.5
1700003720,2,1,1,1
1700003780,2,0.5,1,0.5
1700003840,1,0,1,0
1700003900,0,0,0,0
1700003960,0,0,0,0
1700004020,1,0.5,1,0.5
1700004080,2,1,1,1
1700004140,2,0.5,1,0.5
1700004200,1,0,1,0
1700004260,0,0,0,0
